issue	state	url
143	closed	https://github.com/calypr/syfon/issues/143
144	closed	https://github.com/calypr/syfon/issues/144
145	closed	https://github.com/calypr/syfon/issues/145
146	closed	https://github.com/calypr/syfon/issues/146
147	closed	https://github.com/calypr/syfon/issues/147
148	closed	https://github.com/calypr/syfon/issues/148
149	closed	https://github.com/calypr/syfon/issues/149
150	closed	https://github.com/calypr/syfon/issues/150
151	closed	https://github.com/calypr/syfon/issues/151
152	closed	https://github.com/calypr/syfon/issues/152
153	closed	https://github.com/calypr/syfon/issues/153
154	closed	https://github.com/calypr/syfon/issues/154
155	closed	https://github.com/calypr/syfon/issues/155
156	closed	https://github.com/calypr/syfon/issues/156
157	closed	https://github.com/calypr/syfon/issues/157
158	closed	https://github.com/calypr/syfon/issues/158
159	closed	https://github.com/calypr/syfon/issues/159
160	closed	https://github.com/calypr/syfon/issues/160
161	closed	https://github.com/calypr/syfon/issues/161
162	closed	https://github.com/calypr/syfon/issues/162
163	closed	https://github.com/calypr/syfon/issues/163
164	closed	https://github.com/calypr/syfon/issues/164
